x,y
-21.809511365086347,-62.983120982898924
-22.2168693500479,-63.5532767475447
-21.556787202569172,-64.30447017042583
-20.85540784222113,-65.01712583821316
-20.148301061034584,-65.72423261939971
-19.44119427984804,-66.43133940058627
-18.705009495530504,-67.10770982321702
-17.92095008722501,-67.61624330739251
-17.188744060878612,-68.23057908516421
-16.4452422693705,-68.82038290509455
-15.71947881378283,-69.26184160244077
-14.996095095290507,-69.60838831213847
-14.156061333103253,-70.11643249070242
-13.459413442803845,-70.47743665462104
-12.665472444798716,-71.0854314668412
-11.937693564632982,-71.42729597075592
-11.139129743332331,-71.66158724887049
-10.26612792415593,-71.97572148587197
-9.462604980208479,-72.44365646475397
-8.682540936236554,-72.75086615194714
-7.956979874704386,-73.08476388250868
-7.217178004579573,-73.40772577275337
-6.38118464421843,-73.76395143670518
-5.518519605722755,-74.24191733008571
-4.7655981378194205,-74.59007264963687
-3.96003081052469,-74.85802122316537
-3.1376717371050433,-75.2104472584278
-2.345445439325886,-75.49836736077565
-1.6164121341036404,-75.83863983334088
-0.860478975030459,-76.18201037779004
0.021485569543419958,-76.65332613406665
0.8247473243573137,-76.94836394610833
1.692290263090205,-77.44572623805928
2.5098318094327756,-77.69561454886315
3.346250565693441,-78.05599409724131
4.132999173637943,-78.35276638974621
4.904278910911999,-78.6729354306138
5.72709843431118,-79.02452402558343
6.586626254890808,-79.4430972593786
7.4255204163667905,-79.74774232329864
8.258833335259826,-80.13971145518249
9.13583603290564,-80.45278127434153
9.998169093969251,-80.72274101576963
10.864924320245112,-80.98169178415374
11.825265408648898,-81.2605196771692
12.564021974261902,-81.37465031453159
13.516622936553425,-81.67887294130558
14.455247863780436,-81.80192098289892
15.455247863780436,-81.80192098289892
16.455247863780436,-81.80192098289892
17.455247863780436,-81.80192098289892
18.455247863780436,-81.80192098289892
19.40672902749727,-81.7739028239122
20.34772154671019,-81.43547546274687
20.974328598793534,-81.33162579259472
21.835198090454337,-80.82279996942172
22.637143323329997,-80.40302805231023
23.38021707410176,-79.73409387615985
24.075090327730305,-79.01533858838287
24.73517247520904,-78.26414516550176
25.10364673450647,-77.42316551289176
25.47709537641361,-76.61363511063065
25.843926707630914,-75.68334764192147
25.86265129259246,-74.99925727448108
26.1309047857701,-74.03590891412644
26.23848863491368,-73.14592709994841
26.243643708896432,-72.1462143934842
26.354759089953244,-71.15240688088802
26.495758480488366,-70.23798861869803
26.565783703626256,-69.24213048422324
26.638888634913656,-68.24620733819417
26.638888634913656,-67.24620733819417
26.638888634913656,-66.24620733819417
26.638888634913656,-65.24620733819417
26.607286727991514,-64.24768566259824
26.502502036832002,-63.25355552056017
26.36934420081533,-62.47454234565583
26.31856863491366,-61.479537779149915
26.31856863491366,-60.47953777914991
26.313255000696458,-59.479584780642305
26.006472332155727,-58.560165301909755
25.838088634913646,-57.699267701894435
25.838088634913646,-56.69926770189445
25.838088634913646,-55.852574263903406
25.71733049009867,-54.93847250266888
25.47876638255088,-54.11459440106251
25.032803222996304,-53.219543083919135
24.39991693555856,-52.48152287791759
23.614295881981455,-52.165919934362826
22.673260966040367,-51.82761047989881
22.017957766218256,-51.76063386903276
21.102068699697078,-52.16206532996596
20.358991359103985,-52.73995520757152
19.96975986139825,-53.66109517586827
19.580528363692515,-54.582235144165026
19.543532581351805,-54.989898130813096
19.44958523991212,-55.98545313391695
19.43168863491364,-56.98461593798493
19.43168863491364,-57.98461593798493
19.43168863491364,-58.98461593798492
19.43168863491364,-59.98461593798492
19.43168863491364,-60.98461593798493
19.43168863491364,-61.98461593798493
19.352870549590648,-62.97681140951392
19.389413054356172,-63.972943080111556
19.45359483332497,-64.84166318622225
19.156410976436337,-65.79648345999361
19.090416239149395,-66.60270395030757
18.74380755822315,-67.34841066925802
18.374101668070434,-68.2109111794356
18.13049848954924,-68.99900331073313
17.770471815089714,-69.81711245033992
17.50525665203344,-70.63305939286224
16.892115656716204,-71.37908753330704
16.199543796555172,-72.09996715370644
15.344861041303044,-72.59175267291265
14.426874811328572,-72.98836492887212
13.584741026033585,-72.891827133179
12.632140063742064,-72.58760450640501
11.885820690314059,-72.54058877802507
10.945212193909056,-72.20109554320187
10.407519012216559,-72.22214923976142
9.466910515811561,-71.88265600493821
8.722665605837332,-71.8295039701079
7.778674935759896,-71.49953182763713
7.104727881247055,-71.41600938837618
6.153029722776454,-71.10897418654474
5.417664300737091,-71.02500322974838
4.524561867514601,-70.75878565592096
3.8117123194994926,-70.6747915370147
2.88022871398693,-70.31100823247571
2.0319358787561175,-70.01408268043657
1.230611709937652,-69.73945049311621
0.48517783021747485,-69.38015390702448
-0.2424704960574534,-69.03812239606702
-0.9903997865617908,-68.59033665686412
-1.8449755686462659,-68.21397641919617
-2.766047510663275,-67.85037456690118
-3.544636531229649,-67.45728079617294
-4.327598526942873,-67.07642016972663
-5.177980712145081,-66.63439507917013
-5.936865216010463,-66.29425793215857
-6.683232349710064,-65.93614665619927
-7.401138168203839,-65.58261533555148
-8.192291215689657,-65.14793108350604
-8.964942289525855,-64.52930715445918
-9.689652723238265,-64.12858457980306
-10.475639879606097,-63.73348120025856
-11.267141890302026,-63.122314637802546
-11.772733660387631,-62.40982678306719
-12.145635111610567,-61.67235032876646
-12.543009755942707,-60.94812744542031
-13.024906674162152,-60.193355565514636
-13.230437680720366,-59.29312836347701
-13.452478187306927,-58.50697169014979
-13.18891838446984,-57.54232863164137
-12.925358581632754,-56.57768557313294
-12.851812288663188,-55.963162281517334
-12.218930563078839,-55.18891379335519
-11.546002911318883,-54.451063207951336
-10.792771418290908,-53.793322132044786
-10.010440452159633,-53.53496828968557
-9.165887866245939,-53.22877011072533
-8.284683827954888,-52.962049449196456
-7.3543963592457,-52.595218117979165
-6.6835059413888125,-52.53696193799706
-5.752022335876259,-52.17317863345806
-4.866008617445466,-51.918397286898305
-4.152004330309608,-51.842115305134854
-3.2205207247970455,-51.47833200059586
-2.33415862665699,-51.22443840420402
-1.4038711579477987,-50.85760707298672
-0.7297905953605969,-50.80762825631346
0.205589634962406,-50.4539846154532
0.879754606723028,-50.40422437607189
1.8147454641412646,-50.05114091277752
2.5300050939005043,-49.97650535285735
3.4182891125251613,-49.727623974386255
4.35643041437071,-49.38137132418476
5.063197942157806,-49.280998221146035
5.994105754964302,-48.91889385169573
6.875263373442854,-48.64895111165928
7.728176923564262,-48.3230401366261
8.514492350204746,-48.026267046483326
9.244030087869046,-47.6866352450514
9.990397221568648,-47.328523969092096
10.735981167677247,-46.9694179797882
11.463629493952174,-46.62738646883072
12.216910935182142,-46.151692166551705
12.975993553600611,-45.696018080837405
13.739807209038135,-45.33026704695811
14.407703967894554,-44.935430276068494
15.171342926813537,-44.526193331966724
15.906768193795344,-44.19407645321281
16.646727058815124,-43.79184558978064
17.48118674938007,-43.331722464394225
18.27818073120276,-43.02694869818079
19.080943893350998,-42.430650697599056
19.625769639888638,-42.148748150517434
20.40180545909619,-41.71187447782082
21.152173382509385,-41.35919631071699
21.87895184001612,-41.02681220290467
22.62765076963621,-40.54668793228514
23.382081932173474,-40.06499845698703
24.11152716885511,-39.71359703288647
24.8449846976184,-39.378943691990614
25.591351831318,-39.02083241603131
26.326740746287292,-38.64901894859485
27.09168057759362,-38.26136410245712
27.832186931546456,-37.75217347192953
28.595624348065805,-37.2938482855991
29.348075285184844,-36.8998712823479
30.094442418884444,-36.54176000638861
30.840809552584048,-36.18364873042929
31.582023988996653,-35.81899310058741
32.31407406145214,-35.48255217318305
33.060441195151746,-35.124440897223735
33.80068658914167,-34.75864154844415
34.60353602532508,-34.33784167114198
35.35815528658241,-33.68167875650917
36.13643088188629,-33.422713235278565
36.960550304305634,-33.007914201585706
37.724250721160914,-32.50798142706278
38.45726120821011,-32.172771906783645
39.20740089878668,-31.819564309392316
40.07415376165117,-31.384253559569633
40.77608293262655,-30.995629108763662
41.61483187256976,-30.451219937518783
42.38755512886972,-30.184709900762304
43.142174390127074,-29.5285469861295
43.88113031605142,-29.15739923232734
44.64829391101052,-28.726015990129135
45.47068111904964,-28.157087804807276
46.030246235699245,-27.454464714562384
46.70998149570343,-26.7215172205252
47.20275682928675,-25.944423784572553
47.799666080189155,-25.17409141629349
48.08562848960551,-24.38171493087782
48.35126023196035,-23.506511461985287
48.62023562343632,-22.543364412578843
48.66088863491366,-21.64427393794583
48.66088863491366,-20.644273937945826
48.66724279945573,-19.703937888712666
48.460546523186814,-18.76706284227577
48.323591000750135,-17.8665999158293
47.90733076455821,-16.95735439576037
47.65352780450723,-16.315470686478555
47.35106220086777,-15.54667581556709
47.06010787129901,-14.660547507721825
46.65371204088914,-13.831496901252658
46.17774593804387,-12.978411114267361
45.920569386779434,-12.164736228955825
45.58094771272051,-11.355421173548292
45.33780347156613,-10.560427854665237
44.97579389960622,-9.724928960135157
44.68646315343806,-8.911484382224906
44.257914205937226,-8.049372291749068
43.888333163095936,-7.2180982890497
43.58682268897676,-6.4624166482022325
43.2915016657864,-5.674821878023349
42.93951459236071,-4.85222145012091
42.68062915207183,-4.040609590093035
42.28849963146859,-3.3033537430745143
41.853058832426484,-2.4392937191251356
41.5000210364417,-1.617271010237385
41.1716366742291,-0.8520614701138234
40.916029280328345,-0.07579459666122729
40.556446362318425,0.776438626370799
39.994362575654336,1.6035189228169087
39.29271553267301,2.3153934506875986
38.40205269068716,2.7532339468497713
37.49766203033453,3.109776593894055
36.65767378244427,3.176802720369161
35.711590946518726,3.5006691248362762
34.729315185643955,3.483279017101083
33.729315185643934,3.483279017101083
32.79571995709617,3.5731419084293297
31.83935192861076,3.8653065779069493
30.883801271851986,3.8836790171010733
29.883801271851965,3.8836790171010733
28.883801271851944,3.8836790171010733
27.93047286888243,3.872749630662626
26.998205447189868,3.510979739086939
26.14086378750664,3.2636529629524573
25.376804210101966,2.9981004535172273
24.5902986807852,2.7402831345284455
23.713435269911397,2.259543539039624
22.896569763130916,1.8972881377608735
22.101417815042716,1.65402329553213
21.243284039843026,1.3025158680614812
20.378420419282435,0.9611945195089074
19.532101399050198,0.690821105255879
18.659975907443723,0.22883009205705326
17.910108710564423,-0.1499150379000015
17.16374157686484,-0.5080263138592828
16.437468977899684,-0.8906122025663665
15.655788262387878,-1.2910352436345431
14.864981361800886,-1.903100963948956
14.285576334180064,-2.584931951183477
13.550349273778538,-3.117312353144209
12.938617067063943,-3.9083772728999215
12.363262610583572,-4.706148427863786
11.85496349477717,-5.464322221072861
11.164067219071317,-6.1840288956880896
10.598212749003912,-6.989687528281998
9.929168971604017,-7.545843505591299
9.337773477446985,-8.35222515809261
9.01790324365094,-9.136211271861661
8.667416133367903,-10.072778827100182
8.366544088898031,-11.024252683818677
8.560966327920417,-11.653938004851646
8.62088863491364,-12.650199673931187
8.62088863491364,-13.650199673931212
8.661397238259715,-14.602444508375939
8.953561907737337,-15.558812536861344
8.973297491907116,-16.30742517017898
9.274133537064236,-17.261101044852452
9.40985987839541,-18.081128156330347
9.77688278127281,-19.011340061631216
9.883265773995806,-19.715810586428006
10.247049078534813,-20.64729419194055
10.484791628537929,-21.539808454115565
10.578197220668823,-22.249226477495515
10.936954446954648,-23.182657381519853
11.028680182352035,-23.897860846333664
11.474827060666533,-24.79282060127813
11.55833953844377,-25.509584205223057
11.906427594678647,-26.44704604717005
11.908445968886406,-27.137111309800098
12.185355798585292,-28.09800721790675
12.227073784785805,-28.56185779334783
12.557045927256576,-29.505848463425284
12.604554224571073,-30.11729868630924
12.312608476122568,-31.073733566456795
11.911644490176217,-31.893026816050664
11.204537708989665,-32.60013359723719
10.447354097071965,-33.054000898694
9.643192836728836,-33.52162583852067
8.848374420368657,-33.76537403038457
8.009773979843116,-34.12954237600738
7.1497093206397215,-34.59955340055093
6.327798876895761,-34.84141122186325
5.453286649754866,-35.152341738935654
4.6167460277970696,-35.55386860108082
3.693991178639807,-35.91557987289539
2.932554232079024,-36.24033983595355
2.038224164001563,-36.64364979145238
1.2088443265259294,-36.884946669734354
0.3206426038988357,-37.286394224815204
-0.5030007678268025,-37.597233277599955
-1.296342587340629,-37.84323251163546
-2.118319092074184,-38.19632844239358
-2.964711478788764,-38.605645840332016
-3.793234831958692,-38.91535675043697
-4.611103992909552,-39.2758134930445
-5.413263665702891,-39.506741393749635
-6.235905409514393,-39.85865332414453
-7.053315293747323,-40.10880140930869
-7.935279838321224,-40.5801171655853
-8.749136036897289,-40.95240694774374
-9.45053309567455,-41.29215454548431
-10.25065009467654,-41.52660687483707
-11.071418964087266,-41.881867020928574
-11.870678928420729,-42.11799151814976
-12.747542339294554,-42.59873111363854
-13.564203864922593,-42.96135207157948
-14.367571173038739,-43.190115756951236
-15.204163064662094,-43.55018041655681
-16.021660012834612,-43.80017376869118
-16.845384949583337,-44.11488468019499
-17.699284586250304,-44.635322390684976
-18.492346623302083,-44.88217974476765
-19.35544187112222,-45.22461914858505
-20.157383383536235,-45.44341732031788
-20.935655129126566,-45.74010841771867
-21.784473381956133,-46.20780578972836
-22.598522862557633,-46.58420203226382
-23.31756480190589,-47.033524352368126
-24.043440275316584,-47.72074856068014
-24.71768433474721,-48.45875027523492
-25.05011478241412,-49.18936836913759
-25.394288440766044,-50.01524429101991
-25.6636464277251,-50.9782844121267
-25.81722144569543,-51.803537850422344
-25.933766761225886,-52.796723225580436
-25.89174987436137,-53.50758167353716
-25.813511365086345,-54.50300692004774
-25.6845677666209,-55.39325778377262
-25.44948914837134,-56.36523414317747
-25.274552947167415,-57.03025644086823
-24.98548373630715,-57.98756464167536
-24.499350098835244,-58.6614824384245
-24.211911365086348,-58.97912098289893
